{"synthetic_loss":0.14071860909461975,"_timestamp":1.7481078385030832e+09,"_runtime":607.042637841,"_step":265,"sacrebleu":0.20129860937595367,"_wandb":{"runtime":607}}