{"_wandb":{"runtime":2},"_runtime":2.937566221,"_step":0,"synthetic_loss":40.658260345458984,"_timestamp":1.7481019517755914e+09}