{"_step":5309,"sacrebleu":0.1300712525844574,"_wandb":{"runtime":1965},"synthetic_loss":0.5557537078857422,"_timestamp":1.7480977027480364e+09,"_runtime":1965.891968151}