{"sacrebleu":0.16202270984649658,"_wandb":{"runtime":1032},"synthetic_loss":0.2132541537284851,"_timestamp":1.7481055327399068e+09,"_runtime":1032.633692235,"_step":531}