{"_timestamp":1.7480781435483015e+09,"_runtime":269.028646046,"_step":943,"loss":0.29871857166290283,"_wandb":{"runtime":944}}