{"_runtime":1804.773866176,"sacrebleu":0.2147732973098755,"_wandb":{"runtime":1805},"_step":4720,"loss":0.12279748916625977,"_timestamp":1.7480875866869428e+09}