{"sacrebleu":0.052646856755018234,"_wandb":{"runtime":1736},"synthetic_loss":0.3442171514034271,"_timestamp":1.7480955359267027e+09,"_runtime":1736.894259329,"_step":5309}