{"_timestamp":1.7480254184487426e+09,"_runtime":7888.995157488,"_step":30,"sacrebleu":0.013675067573785782,"_wandb":{"runtime":7889},"loss":0.6479625701904297}