{"_timestamp":1.7481041477149134e+09,"_runtime":1211.264074518,"_step":797,"sacrebleu":0.1890130192041397,"_wandb":{"runtime":1211},"synthetic_loss":0.24326631426811218}