{"_step":59,"real_loss":0.007573077920824289,"sacrebleu":0.20545178651809692,"_wandb":{"runtime":485},"_timestamp":1.7481271159949405e+09,"_runtime":485.136993461}