{"_runtime":163.578341694,"_wandb":{"runtime":605},"_step":943,"loss":0.8246508836746216,"_timestamp":1.7480772904978855e+09}