{"_runtime":440.819271192,"_step":11,"sacrebleu":0.22584860026836395,"_wandb":{"runtime":441},"real_loss":0.16537649929523468,"_timestamp":1.7481208541874807e+09}