{"_runtime":1.754118769,"_step":1,"_wandb":{"runtime":1},"loss":35.406898498535156,"_timestamp":1.7480770913267298e+09}