{"_runtime":508.781605385,"_step":59,"sacrebleu":0.21442551910877228,"_wandb":{"runtime":509},"real_loss":0.18752023577690125,"_timestamp":1.748272495145027e+09}