{"_runtime":1345.122448054,"_step":4719,"loss":0.17758417129516602,"_timestamp":1.7480804827290025e+09,"_wandb":{"runtime":2011}}