{"_step":1331,"sacrebleu":0.2161804586648941,"_wandb":{"runtime":2003},"synthetic_loss":0.07547814399003983,"_timestamp":1.748114614101058e+09,"_runtime":2003.102570786}