{"sacrebleu":0.187297523021698,"_wandb":{"runtime":1780},"loss":0.3277643918991089,"_timestamp":1.7480903199592633e+09,"_runtime":1780.223413768,"_step":5310}