{"_wandb":{"runtime":2},"loss":58.87858581542969,"_timestamp":1.748083412328986e+09,"_runtime":1.19013891,"_step":0}